,Top Positive Themes,Top Negative Themes,Future Sentiment Score,Future Sentiment Comment,Present Sentiment Score,Present Sentiment Comment,Analysts Sentiment Score,Analysts Sentiment Comment
Q1 2022,"1. GLP-1 Growth
2. Ozempic Performance
3. Wegovy Potential
4. R&D Progress
5. Sales Growth","1. Supply Constraints
2. Pricing Pressures
3. Inflation Impact
4. Competition
5. Hedge Losses",85,"Positive outlook driven by strong GLP-1 demand (especially Ozempic), potential of Wegovy, and R&D pipeline progress (icodec). Expects all Wegovy doses available in 2H 2022.",78,"Strong revenue and operating profit growth. Ozempic and Rybelsus driving diabetes care sales. Wegovy sales are promising, but supply issues exist. Rare disease sales saw single digit growth.",70,Analysts focused on commercial potential of Icodec and pricing strategies to compete with Tirzepatide. Interest in Cagrisema. Some concern about the balance of the market of Ozempic (diabetes) and Wegovy (obesity).
Q2 2022,"1. GLP-1 Growth
2. Obesity Market Expansion
3. R&D Progress (Icodec)
4. North America Sales
5. Sales Growth","1. Wegovy Supply Issues
2. Insulin Sales Decline
3. China VBP Impact
4. SELECT Trial Uncertainty
5. Rybelsus Pricing Pressure",85,"Outlook is positive due to strong GLP-1 growth, expanded obesity market and potential of CagriSema. Wegovy supply expected to improve by end of year.",75,"Strong sales growth in North America driven by Ozempic. Obesity care sales also growing significantly. However, insulin sales are declining.",70,"Analysts focused on SELECT trial, Wegovy supply and GLP-1 market dynamics, with concerns around competition."
Q3 2022,"1. GLP-1 market growth
2. Obesity care sales growth
3. R&D pipeline progress
4. Financial performance
5. Market share gains","1. Insulin sales decline
2. Supply constraints
3. Pricing pressure in U.S.
4. Regulatory risks
5. Currency fluctuations",85,Positive outlook driven by expected Wegovy resupply and continued GLP-1 market expansion. CagriSema's Phase III program shows promise.,78,"Strong sales growth in GLP-1 and obesity care, especially with Ozempic and Saxenda. Rare disease sales are growing steadily.",75,"Analysts focused on Wegovy supply, oral semaglutide development, and reimbursement landscape."
Q4 2022,"1. Strong GLP-1 sales
2. Obesity care growth
3. R&D pipeline progress
4. Double-digit sales growth
5. Positive market share gains in diabetes care","1. Supply constraints
2. U.S. insulin sales decline
3. Negative currency impact
4. Rare disease sales decline
5. Inflationary pressures on cost base",85,"Positive outlook driven by GLP-1 treatments for diabetes and obesity care. Capacity expansion investments are expected to support volume growth, however supply constraints continue to create uncertainty.",75,Strong sales growth in GLP-1 and obesity care offset by declines in insulin sales and rare disease. Periodic supply constraints across a number of products and geographies.,70,Analysts are focused on Wegovy capacity and the GLP-1 growth rate.  They also inquired about the SELECT trial's interim data and the impact of pricing reforms in Europe.
Q1 2023,"1. Strong GLP-1 sales growth
2. Wegovy relaunch success
3. Positive clinical trial results
4. Increased manufacturing capacity
5. Strong financial performance","1. Supply constraints
2. Rare disease sales decline
3. Pricing pressure in the US
4. Regulatory hurdles
5. Competition",85,Positive outlook driven by GLP-1 products and obesity care market growth. Expecting continued success with Wegovy and oral semaglutide. Anticipate SELECT trial results and further pipeline advancements. There may be Medicare reimbursement in obesity.,78,"Strong sales growth in North America and International Operations, particularly for GLP-1s like Ozempic. Obesity care is also a growth driver, with Wegovy sales increasing significantly, the Rare disease portfolio was impacted by manufacturing issues. There were VBP impacts in China and inventory fluctuations.",75,"Analysts are focused on capacity, revenue, competition, and weight loss results. They show a strong focus on the supply chain and product pipeline. They ask about regulatory influence and potential pricing erosion, and off-label risks in the US market."
Q2 2023,"1. GLP-1 demand
2. Obesity care market growth
3. R&D success
4. Strong financial performance
5. SELECT trial results","1. Rare disease sales decline
2. Insulin sales decline
3. Supply chain constraints
4. Pricing pressure
5. Wholesale stocking",85,"The outlook is very positive, driven by expectations for continued strong growth in GLP-1 based treatments, particularly Ozempic and Rybelsus and the ongoing rollout of Wegovy for obesity care. The SELECT trial and CagriSema provide future growth opportunities.",78,"The current sentiment is positive, reflecting robust sales growth driven by GLP-1 therapies and obesity care, particularly Wegovy in the US. However, rare disease sales declined due to manufacturing output and competitive pressure, and insulin sales are also down.",82,"Analysts are focused on the implications of the SELECT trial, the company's strategy to expand GLP-1 therapies, and the potential of CagriSema. They also inquire about long term margins, supply chain management and future M&A."
Q3 2023,"1. GLP-1 Market Growth
2. Obesity Care Expansion
3. R&D Pipeline Progress
4. Financial Performance
5. Diabetes Market Leadership","1. Supply Constraints
2. Rare Disease Production Issues
3. Insulin Sales Decline
4. Pricing Pressures
5. Competition",88,"Positive outlook driven by GLP-1 products like Ozempic, Wegovy, and CagriSema with label expansions into cardiovascular and renal areas. Focus on digital solutions and less concern about price competition due to market expansion. Icodec shows promise for diabetes treatment and opportunity to take share in basal segment.",82,"Strong sales growth driven by North America, Ozempic, and Wegovy. Obesity care is now contributing more growth than diabetes in the U.S. Expansion into heart failure seen with GLP-1 analogs. Reached 40 million patients with diabetes with a 33.3% global diabetes value market share.",75,"Analysts showed interest in supply constraints, stay time, and competition in the obesity market. Supply concerns impacting script trends. Interest in CagriSema trials and its weight loss potential. Focus on the cardiovascular and diabetes space remains high."
Q4 2023,"1. Strong Sales Growth
2. GLP-1 Performance
3. Pipeline Progress
4. Obesity Care Growth
5. Strategic Aspirations","1. Manufacturing Issues (Norditropin)
2. Supply Constraints
3. Rare Disease Sales Decline
4. Pricing Pressure
5. Capital Expenditure Impact",87,"Positive outlook driven by pipeline progress, planned launches (e.g., IcoSema), strong guidance, and capacity expansion in diabetes and obesity care, but supply constraints remain a concern.",82,"Strong performance in Q4 2023 driven by GLP-1 sales (Ozempic, Rybelsus), Wegovy in obesity care, particularly in North America, but rare disease sales were negatively impacted by production issues.",78,"Analysts are focused on supply chain scalability, capital allocation strategy, potential impact of competitive launches (Lilly), and pipeline progress (oral amycretin, GLP-1/GIP)."
Q1 2024,"1. GLP-1 Sales Growth
2. Wegovy Label Expansion
3. R&D Pipeline Progress
4. Diabetes Market Share Gains
5. Positive Clinical Trial Data","1. Supply Constraints
2. Pricing Pressures
3. Gross to Net Adjustments
4. Manufacturing Capacity Expansion Costs
5. FTC Scrutiny",85,"Positive outlook driven by Wegovy, CagriSema, SELECT, and the FLOW Kidney Outcomes Trial.",80,"Strong revenue growth of GLP-1 products, offset by negative currency impact and supply chain constraints.",75,Analysts focused on supply progression of Wegovy and Ozempic.
Q2 2024,"1. Sales Growth
2. GLP-1 Performance
3. Wegovy
4. Supply Chain
5. Pipeline Progress","1. Rare Diseases Challenges
2. Insulin Price Pressure
3. Competitive Pressure
4. Regulatory Hurdles
5. Compounding Concerns",85,"Positive outlook driven by strong GLP-1 sales, Wegovy supply improvements, and promising pipeline readouts like CagriSema and amycretin.",80,"Strong revenue growth driven by Ozempic, Rybelsus, and Wegovy, with increased market share in diabetes care but facing insulin price adjustments and limited supply of Wegovy starter doses.",75,"Analysts focused on Wegovy pricing dynamics, rebate adjustments, and the potential impact of competitive landscape and pipeline readouts on Novo Nordisk's future performance."
Q3 2024,"1. GLP-1 growth
2. Wegovy expansion
3. R&D pipeline success
4. Scaling patient reach
5. Cardiometabolic benefits of semaglutide","1. Supply constraints
2. CO2 emissions increase
3. Impact of capital expenditure
4. Market competition
5. Regulatory hurdles",85,"Strong growth is expected to continue, driven by GLP-1 products such as Ozempic and Wegovy, with expansion into new markets and increased patient reach.",78,"Novo Nordisk shows significant sales growth, particularly in North America, with key contributions from Ozempic and Wegovy. The company faces challenges in managing supply and navigating competitive landscapes.",70,"Analysts are focused on supply capacity, market competitiveness, and the potential for continued growth in GLP-1 based products. There are concerns about whether the company can meet the increasing demand for Wegovy and Ozempic, especially outside the U.S."
Q4 2024,"1. GLP-1 portfolio growth
2. Wegovy sales increase
3. R&D pipeline progression
4. Capacity expansion
5. Market access","1. Supply chain challenges
2. Gross to net sales adjustments
3. Currency losses
4. Increased competition
5. Compounding pharmacies",85,"Positive outlook driven by GLP-1 treatments and pipeline progression, but supply chain and competition need to be carefully managed. Expecting results from REDEFINE 2 and REDEFINE 4 during 2025 and to initiate the new REDEFINE 11 trial later during the first half of 2025.",78,"Strong sales growth in 2024, especially for Wegovy and GLP-1 products, partially offset by increased R&D costs and rare disease international sales remaining unchanged.",72,"Analysts focused on Wegovy prescriptions, CagriSema profile, supply chain capacity, oral semaglutide launch, and potential market dynamics."
